우원재,1749383
술제이,117969
개코,32828
최자,32829
지코,155266
박재범,101695
식케이,331653
해쉬스완,358651
도끼,35944
빈지노,116976
로꼬,216282
산이,114289
창모,330966
기리보이,200958
비와이,275761
스윙스,103788
넉살,127476
매드클라운,36877
씨잼,272810
행주,115675
슈퍼비,431266
MINO,165416
버벌진트,6548
킬라그림,500685
조우찬,1749366
페노메코,344480
BOBBY,298885
콰이어트,11852
한해,172006
더블케이,9711
플로우식,143691
보이비,115674
지투,215947
Simon Dominic,33716
루피,475004
오왼 오바도즈,419827
블루BLOO,494305
Young West,497820
나플라,318979
크루셜스타,97446
가리온,9081
딘딘,285184
드렁큰타이거,68
릴샴,225859
마이크로닷,84858
빌스택스(바스코),9326
천재노창,138970
블랙넛,238167
e sens,102914
아웃사이더,14274
아이언,345189
올티,172808
우탄,157015
원썬,6997
육지담,344482
키썸,311679
애쉬비,351018
키디비,224345
장문복,156380
저스디스,355771
주노플로,234809
진돗개,229867
팔로알토,10793
레디,170717
타이미,119525
산체스,140311
화나,12167
던밀스,256776
오케이션,121874
mc스나이퍼,7810
제시,12760
스컬,35244
지구인,119528
데드피,11028
DPR LIVE,1523523
pH-1,476014
O3ohn,623974
UMCUW,5722
리미,116974
제리케이,15699
YDG,5914
치타,138782
김디지,5353
차메인,353980
제이통,134055
서출구,303464
영비,1568479
라임어택,14854
얀키,5724
피타입,9522
브래스코,279304
자메즈,348653
MC메타,38689
마스타우,8589
허클베리피,122227
이보,212681
루이,152585
베이식,107005
비프리,113133
면도,472222
윤미래,6343
비지,35946
펀치넬로,346838
넋업샨,9309
김효은,493335
일리닛,92571
화지,170752
제이켠,117459
지조,150039
비도승우,87143
취랩,113295
데프콘,6547
팻두,90859
이그니토,34314
비즈니즈,9321
탑,32034
조피디,241
주석,2843
나찰,38707
딥플로우,34321
MC그리,118358